relative_path,size_bytes,checksum,possible_duplicate_group,duplicate_of,confidence,recommendation,notes
Layer2_Motive_Kinematics/outputs/671_T1_P1_R1_Take_2026-01-06_03.57.12_PM_001/08_filtered_rotvecs/filtered_relative_rotation_vectors.csv,853467848,sample:88df921045346ecd7ff0d223350399fc8e2983caf9a45b08fa22fe2aa06ea327,l2_671_671_T1_P1_R1_Take_2026-01-06_03.57.12_PM_001,,high,unknown,sampled_checksum_large_file; partial hash only
Layer2_Motive_Kinematics/outputs/archive/671_T1_P1_R1_Take_2026-01-06_03.57.12_PM_001/08_filtered_rotvecs/filtered_relative_rotation_vectors.csv,770047419,sample:de9857f48cd5f857315eea9d354b8afe16bb34b1d7f0e3b7ceab053465070db8,l2_671_671_T1_P1_R1_Take_2026-01-06_03.57.12_PM_001,,high,verify_manually,sampled_checksum_large_file; partial hash only
Layer2_Motive_Kinematics/outputs/671_T1_P1_R1_Take_2026-01-06_03.57.12_PM_001/08_filtered_rotvecs/stage08_flag_report.csv,205722262,a5393342bff4ea4eb68aa17d2926e8c37f163d035e1b694cdba712989aee2be5,l2_671_671_T1_P1_R1_Take_2026-01-06_03.57.12_PM_001,,high,unknown,full_sha256
Layer2_Motive_Kinematics/outputs/671_T1_P1_R1_Take_2026-01-06_03.57.12_PM_001/07_rotation_vectors/relative_rotation_vectors.csv,444916560,62a91a818678894a5ce014b9c2b1983cf5c5e4dbc97d79052f33148db3a1878d,l2_671_671_T1_P1_R1_Take_2026-01-06_03.57.12_PM_001,Layer2_Motive_Kinematics/outputs/archive/671_T1_P1_R1_Take_2026-01-06_03.57.12_PM_001/07_rotation_vectors/relative_rotation_vectors.csv,high,unknown,full_sha256
Layer2_Motive_Kinematics/outputs/archive/671_T1_P1_R1_Take_2026-01-06_03.57.12_PM_001/07_rotation_vectors/relative_rotation_vectors.csv,444916560,62a91a818678894a5ce014b9c2b1983cf5c5e4dbc97d79052f33148db3a1878d,l2_671_671_T1_P1_R1_Take_2026-01-06_03.57.12_PM_001,Layer2_Motive_Kinematics/outputs/671_T1_P1_R1_Take_2026-01-06_03.57.12_PM_001/07_rotation_vectors/relative_rotation_vectors.csv,high,archive_later,full_sha256
Layer2_Motive_Kinematics/outputs/671_T1_P1_R2_Take_2026-01-06_03.57.12_PM_003/08_filtered_rotvecs/filtered_relative_rotation_vectors.csv,835147873,sample:df2bfce51b4ba066117008efc7ff334cd7ff1263de3893aab522334b6d4c6a52,l2_671_671_T1_P1_R2_Take_2026-01-06_03.57.12_PM_003,,high,unknown,sampled_checksum_large_file; partial hash only
Layer2_Motive_Kinematics/outputs/archive/671_T1_P1_R2_Take_2026-01-06_03.57.12_PM_003/08_filtered_rotvecs/filtered_relative_rotation_vectors.csv,728751704,sample:5adf9122c4f1fe826eba4b8bac2411c12d786c570eea494be4234351e68c1614,l2_671_671_T1_P1_R2_Take_2026-01-06_03.57.12_PM_003,,high,verify_manually,sampled_checksum_large_file; partial hash only
Layer2_Motive_Kinematics/outputs/671_T1_P1_R2_Take_2026-01-06_03.57.12_PM_003/08_filtered_rotvecs/stage08_flag_report.csv,202457462,ef5c493891789e8e972a18044c858fd2547c09a454e89175703006ac643c41d0,l2_671_671_T1_P1_R2_Take_2026-01-06_03.57.12_PM_003,,high,unknown,full_sha256
Layer2_Motive_Kinematics/outputs/671_T1_P1_R2_Take_2026-01-06_03.57.12_PM_003/07_rotation_vectors/relative_rotation_vectors.csv,436369795,149afe88a7f44fb05a6e97ea0fbf30e17766c3c5af36ad74d5b0e5043fd2e0d6,l2_671_671_T1_P1_R2_Take_2026-01-06_03.57.12_PM_003,Layer2_Motive_Kinematics/outputs/archive/671_T1_P1_R2_Take_2026-01-06_03.57.12_PM_003/07_rotation_vectors/relative_rotation_vectors.csv,high,unknown,full_sha256
Layer2_Motive_Kinematics/outputs/archive/671_T1_P1_R2_Take_2026-01-06_03.57.12_PM_003/07_rotation_vectors/relative_rotation_vectors.csv,436369795,149afe88a7f44fb05a6e97ea0fbf30e17766c3c5af36ad74d5b0e5043fd2e0d6,l2_671_671_T1_P1_R2_Take_2026-01-06_03.57.12_PM_003,Layer2_Motive_Kinematics/outputs/671_T1_P1_R2_Take_2026-01-06_03.57.12_PM_003/07_rotation_vectors/relative_rotation_vectors.csv,high,archive_later,full_sha256
Layer2_Motive_Kinematics/outputs/671_T2_P1_R1_Take_2026-01-15_04.35.25_PM_005/08_filtered_rotvecs/filtered_relative_rotation_vectors.csv,842809381,sample:d1fa6c697c8d42e3b831b9186d0b816aeb80c795e19e6e469008f76879ecd03e,l2_671_671_T2_P1_R1_Take_2026-01-15_04.35.25_PM_005,,high,unknown,sampled_checksum_large_file; partial hash only
Layer2_Motive_Kinematics/outputs/archive/671_T2_P1_R1_Take_2026-01-15_04.35.25_PM_005/08_filtered_rotvecs/filtered_relative_rotation_vectors.csv,736310760,sample:406f9543b26c9a498dcad46642d9a1abda5cda8ed068c1d6036d43a486b4021a,l2_671_671_T2_P1_R1_Take_2026-01-15_04.35.25_PM_005,,high,verify_manually,sampled_checksum_large_file; partial hash only
Layer2_Motive_Kinematics/outputs/671_T2_P1_R1_Take_2026-01-15_04.35.25_PM_005/08_filtered_rotvecs/stage08_flag_report.csv,203879062,99c934a3521244d8ef8733b79a7707e7852418f30b065ffd296a3102b4b9e6be,l2_671_671_T2_P1_R1_Take_2026-01-15_04.35.25_PM_005,,high,unknown,full_sha256
Layer2_Motive_Kinematics/outputs/671_T2_P1_R1_Take_2026-01-15_04.35.25_PM_005/07_rotation_vectors/relative_rotation_vectors.csv,439994761,06a9876784281f826c6b2c0260fcd322181916f623aaf5242aa359d86b94269f,l2_671_671_T2_P1_R1_Take_2026-01-15_04.35.25_PM_005,Layer2_Motive_Kinematics/outputs/archive/671_T2_P1_R1_Take_2026-01-15_04.35.25_PM_005/07_rotation_vectors/relative_rotation_vectors.csv,high,unknown,full_sha256
Layer2_Motive_Kinematics/outputs/archive/671_T2_P1_R1_Take_2026-01-15_04.35.25_PM_005/07_rotation_vectors/relative_rotation_vectors.csv,439994761,06a9876784281f826c6b2c0260fcd322181916f623aaf5242aa359d86b94269f,l2_671_671_T2_P1_R1_Take_2026-01-15_04.35.25_PM_005,Layer2_Motive_Kinematics/outputs/671_T2_P1_R1_Take_2026-01-15_04.35.25_PM_005/07_rotation_vectors/relative_rotation_vectors.csv,high,archive_later,full_sha256
Layer2_Motive_Kinematics/outputs/671_T2_P1_R2_Take_2026-01-15_04.35.25_PM_009/08_filtered_rotvecs/filtered_relative_rotation_vectors.csv,840614921,sample:8d8cdca8b2ad961c216eb3e732837de8a3e4eea5a906cdece79c2f66107ece07,l2_671_671_T2_P1_R2_Take_2026-01-15_04.35.25_PM_009,,high,unknown,sampled_checksum_large_file; partial hash only
Layer2_Motive_Kinematics/outputs/archive/671_T2_P1_R2_Take_2026-01-15_04.35.25_PM_009/08_filtered_rotvecs/filtered_relative_rotation_vectors.csv,733873661,sample:afae8120cba3a0e4cb02783e64a332c266a0cf156a0b200379372317c6ca63f5,l2_671_671_T2_P1_R2_Take_2026-01-15_04.35.25_PM_009,,high,verify_manually,sampled_checksum_large_file; partial hash only
Layer2_Motive_Kinematics/outputs/671_T2_P1_R2_Take_2026-01-15_04.35.25_PM_009/08_filtered_rotvecs/stage08_flag_report.csv,204203241,822fba0196e6c003b81afaa598cfdf6ba5031e67efd6c044f2e2ab548c89951b,l2_671_671_T2_P1_R2_Take_2026-01-15_04.35.25_PM_009,,high,unknown,full_sha256
Layer2_Motive_Kinematics/outputs/671_T2_P1_R2_Take_2026-01-15_04.35.25_PM_009/07_rotation_vectors/relative_rotation_vectors.csv,439542951,46a1d65bead80f3494246e4cbfcba73649525f308f7750786b985cb6288e982b,l2_671_671_T2_P1_R2_Take_2026-01-15_04.35.25_PM_009,Layer2_Motive_Kinematics/outputs/archive/671_T2_P1_R2_Take_2026-01-15_04.35.25_PM_009/07_rotation_vectors/relative_rotation_vectors.csv,high,unknown,full_sha256
Layer2_Motive_Kinematics/outputs/archive/671_T2_P1_R2_Take_2026-01-15_04.35.25_PM_009/07_rotation_vectors/relative_rotation_vectors.csv,439542951,46a1d65bead80f3494246e4cbfcba73649525f308f7750786b985cb6288e982b,l2_671_671_T2_P1_R2_Take_2026-01-15_04.35.25_PM_009,Layer2_Motive_Kinematics/outputs/671_T2_P1_R2_Take_2026-01-15_04.35.25_PM_009/07_rotation_vectors/relative_rotation_vectors.csv,high,archive_later,full_sha256
Layer2_Motive_Kinematics/outputs/671_T3_P1_R1_Take_2026-02-03_08.05.01_PM_000/08_filtered_rotvecs/filtered_relative_rotation_vectors.csv,954771601,sample:4fffc988ef5032061df86dceb6129384dd17a7254b9c182556e2f24d1a6ce838,l2_671_671_T3_P1_R1_Take_2026-02-03_08.05.01_PM_000,,high,unknown,sampled_checksum_large_file; partial hash only
Layer2_Motive_Kinematics/outputs/archive/671_T3_P1_R1_Take_2026-02-03_08.05.01_PM_000/08_filtered_rotvecs/filtered_relative_rotation_vectors.csv,822761616,sample:e10eb50088b03062f9b3542995ce00bba2991d9131eeb399dcf5b942cbb78f8e,l2_671_671_T3_P1_R1_Take_2026-02-03_08.05.01_PM_000,,high,verify_manually,sampled_checksum_large_file; partial hash only
Layer2_Motive_Kinematics/outputs/671_T3_P1_R1_Take_2026-02-03_08.05.01_PM_000/08_filtered_rotvecs/stage08_flag_report.csv,238980601,c20a58e1cdf939ef3e029890ae12637c9aa0af34e942b788c61d45d210fa72e7,l2_671_671_T3_P1_R1_Take_2026-02-03_08.05.01_PM_000,,high,unknown,full_sha256
Layer2_Motive_Kinematics/outputs/671_T3_P1_R1_Take_2026-02-03_08.05.01_PM_000/07_rotation_vectors/relative_rotation_vectors.csv,497372578,b1ec3c6b91346a6419f0691b1c70c3c7af372a0388ddc7dff4ffad3e0d05433d,l2_671_671_T3_P1_R1_Take_2026-02-03_08.05.01_PM_000,,high,unknown,full_sha256
Layer2_Motive_Kinematics/outputs/archive/671_T3_P1_R1_Take_2026-02-03_08.05.01_PM_000/07_rotation_vectors/relative_rotation_vectors.csv,496137292,ced54d0dd02304357eea537b91c4859ab0c4f5d7165ed955a63bdb5f7ae5e84f,l2_671_671_T3_P1_R1_Take_2026-02-03_08.05.01_PM_000,,high,verify_manually,full_sha256
Layer2_Motive_Kinematics/outputs/671_T3_P1_R2_Take_2026-02-03_08.05.01_PM_005/08_filtered_rotvecs/filtered_relative_rotation_vectors.csv,942033219,sample:6738fa1d567ad719cb7b3b8144fa8bd684dd1d89556930ce9882f1b0a0769dbe,l2_671_671_T3_P1_R2_Take_2026-02-03_08.05.01_PM_005,,high,unknown,sampled_checksum_large_file; partial hash only
Layer2_Motive_Kinematics/outputs/archive/671_T3_P1_R2_Take_2026-02-03_08.05.01_PM_005/08_filtered_rotvecs/filtered_relative_rotation_vectors.csv,819979475,sample:e69dbad34aa051b879538b546c8f3e181a36826cf24ba38ad87365d6cb44b8e8,l2_671_671_T3_P1_R2_Take_2026-02-03_08.05.01_PM_005,,high,verify_manually,sampled_checksum_large_file; partial hash only
Layer2_Motive_Kinematics/outputs/671_T3_P1_R2_Take_2026-02-03_08.05.01_PM_005/08_filtered_rotvecs/stage08_flag_report.csv,236817301,1598501a2a585db6f499a63fb8a8c17c99f075ce40eb74998d1b31c2aba1a97b,l2_671_671_T3_P1_R2_Take_2026-02-03_08.05.01_PM_005,,high,unknown,full_sha256
Layer2_Motive_Kinematics/outputs/671_T3_P1_R2_Take_2026-02-03_08.05.01_PM_005/07_rotation_vectors/relative_rotation_vectors.csv,492030114,889dcd370533529f4f6f7bbce6c80a4419031aef520d5d34384741397e772328,l2_671_671_T3_P1_R2_Take_2026-02-03_08.05.01_PM_005,Layer2_Motive_Kinematics/outputs/archive/671_T3_P1_R2_Take_2026-02-03_08.05.01_PM_005/07_rotation_vectors/relative_rotation_vectors.csv,high,unknown,full_sha256
Layer2_Motive_Kinematics/outputs/archive/671_T3_P1_R2_Take_2026-02-03_08.05.01_PM_005/07_rotation_vectors/relative_rotation_vectors.csv,492030114,889dcd370533529f4f6f7bbce6c80a4419031aef520d5d34384741397e772328,l2_671_671_T3_P1_R2_Take_2026-02-03_08.05.01_PM_005,Layer2_Motive_Kinematics/outputs/671_T3_P1_R2_Take_2026-02-03_08.05.01_PM_005/07_rotation_vectors/relative_rotation_vectors.csv,high,archive_later,full_sha256
Layer2_Motive_Kinematics/outputs/archive/audit_rerun_T1_P1_R1/08_filtered_rotvecs/filtered_relative_rotation_vectors.csv,745564219,sample:132ded621967c07cfc5da4d4e1e8eba0731bf5f80900c400a31b88fc746f9b38,l2_audit_audit_rerun_T1_P1_R1,,high,verify_manually,sampled_checksum_large_file; partial hash only
Layer2_Motive_Kinematics/outputs/archive/audit_rerun_T1_P1_R2/08_filtered_rotvecs/filtered_relative_rotation_vectors.csv,728751821,sample:2a81224f83cc710a9e9a02c1f4436df1ed9d897d667258edb9dfcb422ca2dab0,l2_audit_audit_rerun_T1_P1_R2,,high,verify_manually,sampled_checksum_large_file; partial hash only
Layer2_Motive_Kinematics/outputs/archive/audit_rerun_T2_P1_R1/08_filtered_rotvecs/filtered_relative_rotation_vectors.csv,736310877,sample:20b25c86590e4496b1b7d460615fe9442e95972d5515dbaae8d2376ac7438e5a,l2_audit_audit_rerun_T2_P1_R1,,high,verify_manually,sampled_checksum_large_file; partial hash only
Layer2_Motive_Kinematics/outputs/archive/audit_rerun_T2_P1_R2/08_filtered_rotvecs/filtered_relative_rotation_vectors.csv,733873778,sample:bab9f5af6694e90c4fccdcee05f6db9b296d6e4a044b5e8bf0086e1d4f39d0d0,l2_audit_audit_rerun_T2_P1_R2,,high,verify_manually,sampled_checksum_large_file; partial hash only
Layer2_Motive_Kinematics/outputs/archive/audit_rerun_T3_P1_R1/08_filtered_rotvecs/filtered_relative_rotation_vectors.csv,831330292,sample:b95708381e4134a66b58f9eb1af1731eed1ef585ef5ea3bfd4a790074f1b530f,l2_audit_audit_rerun_T3_P1_R1,,high,verify_manually,sampled_checksum_large_file; partial hash only
Layer2_Motive_Kinematics/outputs/archive/audit_rerun_T3_P1_R2/08_filtered_rotvecs/filtered_relative_rotation_vectors.csv,819979592,sample:0b54298533ca79e9f92507ab6061bf3589eff147371e14f93a7c18131c7e9c9a,l2_audit_audit_rerun_T3_P1_R2,,high,verify_manually,sampled_checksum_large_file; partial hash only
Layer3_JcvPCA/outputs/gaga_batch_jcvpca_20260626_174553/batch_manifest.csv,428,ad34417e85025adb58aa65b82eef5844fe0da379941ee3456487d4da51209612,l3_batch_gaga_batch_jcvpca_20260626_174553,,high,archive_later,full_sha256
Layer3_JcvPCA/outputs/gaga_batch_jcvpca_20260626_174553/batch_summary.md,361,a64f0cc5f7b4f0495841caad6a02fa0cffb37c6cff361c5d152c83e5dc68f563,l3_batch_gaga_batch_jcvpca_20260626_174553,,high,archive_later,full_sha256
Layer3_JcvPCA/outputs/gaga_batch_jcvpca_20260626_174553/comparison_plan.csv,1891,1b449fa30a3b5204ad689d870aa6e3e1451cd5119d6c6a6c804c4494506cc842,l3_batch_gaga_batch_jcvpca_20260626_174553,,high,archive_later,full_sha256
Layer3_JcvPCA/outputs/gaga_batch_jcvpca_20260626_174553/comparison_status.csv,6473,d8527dfe449f19f6c0ad489e4240ca5231393bfc559dfd299fc6c79b722ef7db,l3_batch_gaga_batch_jcvpca_20260626_174553,,high,archive_later,full_sha256
Layer3_JcvPCA/outputs/gaga_batch_jcvpca_20260626_174553/jcvpca_link_results.csv,43395,943f5d635b16803fc9405d9f38baa4b628f320900ce5f5174bc51b8852f80188,l3_batch_gaga_batch_jcvpca_20260626_174553,,high,archive_later,full_sha256
Layer3_JcvPCA/outputs/gaga_batch_jcvpca_20260626_175138/batch_manifest.csv,571,954ad0da5b08943e9b55a844fd2b86c335142de4aed698ff3c9569e423b8b6d8,l3_batch_gaga_batch_jcvpca_20260626_175138,,high,archive_later,full_sha256
Layer3_JcvPCA/outputs/gaga_batch_jcvpca_20260626_175138/batch_summary.md,358,f6de0095143f89069b210fa938f6d1b2e75d3e71ff5acd4846d74e8cfc0da4e3,l3_batch_gaga_batch_jcvpca_20260626_175138,,high,archive_later,full_sha256
Layer3_JcvPCA/outputs/gaga_batch_jcvpca_20260626_175138/comparison_plan.csv,1891,1b449fa30a3b5204ad689d870aa6e3e1451cd5119d6c6a6c804c4494506cc842,l3_batch_gaga_batch_jcvpca_20260626_175138,,high,archive_later,full_sha256
Layer3_JcvPCA/outputs/gaga_batch_jcvpca_20260626_175138/comparison_status.csv,4539,ba425e5f28122aa5d67a90211ef5033696e347b4cc617dc2bef45562cd622a1a,l3_batch_gaga_batch_jcvpca_20260626_175138,,high,archive_later,full_sha256
Layer3_JcvPCA/outputs/gaga_batch_jcvpca_20260626_175138/jcvpca_link_results.csv,43395,943f5d635b16803fc9405d9f38baa4b628f320900ce5f5174bc51b8852f80188,l3_batch_gaga_batch_jcvpca_20260626_175138,,high,archive_later,full_sha256
Layer3_JcvPCA/outputs/gaga_batch_jcvpca_20260626_180044/batch_manifest.csv,571,a6bd426db787ad9077f242c4f0fe38c7be89245e97bce0a573d51f28de320c0a,l3_batch_gaga_batch_jcvpca_20260626_180044,,high,archive_later,full_sha256
Layer3_JcvPCA/outputs/gaga_batch_jcvpca_20260626_180044/batch_summary.md,358,5888d9e54986ea1262d72ce78feaeed7119bc08dc54bccf6d7767ceb035c6fa4,l3_batch_gaga_batch_jcvpca_20260626_180044,,high,archive_later,full_sha256
Layer3_JcvPCA/outputs/gaga_batch_jcvpca_20260626_180044/comparison_plan.csv,1891,1b449fa30a3b5204ad689d870aa6e3e1451cd5119d6c6a6c804c4494506cc842,l3_batch_gaga_batch_jcvpca_20260626_180044,,high,archive_later,full_sha256
Layer3_JcvPCA/outputs/gaga_batch_jcvpca_20260626_180044/comparison_status.csv,4539,df3e3c9d3906144a8af25a47b5aa5fcbbcc68584d08196d9300caee847888fbf,l3_batch_gaga_batch_jcvpca_20260626_180044,,high,archive_later,full_sha256
Layer3_JcvPCA/outputs/gaga_batch_jcvpca_20260626_180044/jcvpca_link_results.csv,43395,943f5d635b16803fc9405d9f38baa4b628f320900ce5f5174bc51b8852f80188,l3_batch_gaga_batch_jcvpca_20260626_180044,,high,archive_later,full_sha256
Layer3_JcvPCA/outputs/gaga_batch_jcvpca_20260626_193110/batch_manifest.csv,572,bba67c2e0f941aa71c03dbe03cb53c4b5c76333051c35e83acf0de74f5c9f86e,l3_batch_gaga_batch_jcvpca_20260626_193110,,high,archive_later,full_sha256
Layer3_JcvPCA/outputs/gaga_batch_jcvpca_20260626_193110/batch_summary.md,333,e431c487e16abc0347b7e24c59e5a1916f67f49ba702257750ca712eab389800,l3_batch_gaga_batch_jcvpca_20260626_193110,,high,archive_later,full_sha256
Layer3_JcvPCA/outputs/gaga_batch_jcvpca_20260626_193110/comparison_plan.csv,1907,bf1045f7d8b5dfc47e27169132ebe0a0ba6764fa0fb59ae89acf94908caea513,l3_batch_gaga_batch_jcvpca_20260626_193110,,high,archive_later,full_sha256
Layer3_JcvPCA/outputs/gaga_batch_jcvpca_20260626_193110/comparison_status.csv,5540,442b1f0e9cd3f159058a1036a89d47ecc547a61668c686245e30805774553d94,l3_batch_gaga_batch_jcvpca_20260626_193110,,high,archive_later,full_sha256
Layer3_JcvPCA/outputs/gaga_batch_jcvpca_20260626_193110/jcvpca_link_results.csv,375708,fa0f585cbb520ade7f441f7505536883367cfa23b9bf9404b009113b471882b1,l3_batch_gaga_batch_jcvpca_20260626_193110,,high,archive_later,full_sha256
Layer3_JcvPCA/outputs/gaga_batch_jcvpca_20260626_193235/batch_manifest.csv,563,c63a4feed08b13396bee5c03e19ce157eb0d78ae828b34292f37fa11dcf63a1d,l3_batch_gaga_batch_jcvpca_20260626_193235,,high,archive_later,full_sha256
Layer3_JcvPCA/outputs/gaga_batch_jcvpca_20260626_193235/batch_summary.md,333,3d262f9cfc6ff7b21125ed2eb8c7741f8c23ce003ecd940bd9059a9d5386227a,l3_batch_gaga_batch_jcvpca_20260626_193235,,high,archive_later,full_sha256
Layer3_JcvPCA/outputs/gaga_batch_jcvpca_20260626_193235/comparison_plan.csv,1045,4cac955470089abab86894fc80e7df0294a3bd8b4c588e5e2fdb3219dba836fc,l3_batch_gaga_batch_jcvpca_20260626_193235,,high,archive_later,full_sha256
Layer3_JcvPCA/outputs/gaga_batch_jcvpca_20260626_193235/comparison_status.csv,2871,161ec54edcb9bec19956652aab3216a3d586d767ca36f923ccbec53319b1b724,l3_batch_gaga_batch_jcvpca_20260626_193235,,high,archive_later,full_sha256
Layer3_JcvPCA/outputs/gaga_batch_jcvpca_20260626_193235/jcvpca_link_results.csv,160226,577c932cf6e1d5800703b888b979cf33624987b6fee3c0889c52a504230179c8,l3_batch_gaga_batch_jcvpca_20260626_193235,,high,archive_later,full_sha256
Layer3_JcvPCA/outputs/gaga_batch_jcvpca_20260626_193319/batch_manifest.csv,572,52694b74cbb9c348d2413809b36a368d61557347aafdf565c3ee4c6ec715e7c1,l3_batch_gaga_batch_jcvpca_20260626_193319,,high,keep_active,full_sha256
Layer3_JcvPCA/outputs/gaga_batch_jcvpca_20260626_193319/batch_summary.md,887,f2332aacc7f96557784a1dcdc435da4d54a1d40ec4cfdaa44129010278ad3f31,l3_batch_gaga_batch_jcvpca_20260626_193319,,high,keep_active,full_sha256
Layer3_JcvPCA/outputs/gaga_batch_jcvpca_20260626_193319/comparison_plan.csv,1907,bf1045f7d8b5dfc47e27169132ebe0a0ba6764fa0fb59ae89acf94908caea513,l3_batch_gaga_batch_jcvpca_20260626_193319,,high,keep_active,full_sha256
Layer3_JcvPCA/outputs/gaga_batch_jcvpca_20260626_193319/comparison_status.csv,5540,e240b7d810fb3e5bebdc2452e86bcf01a11cb63ca2897a1a1b7b477cf4a2b127,l3_batch_gaga_batch_jcvpca_20260626_193319,,high,keep_active,full_sha256
Layer3_JcvPCA/outputs/gaga_batch_jcvpca_20260626_193319/jcvpca_link_results.csv,375708,fa0f585cbb520ade7f441f7505536883367cfa23b9bf9404b009113b471882b1,l3_batch_gaga_batch_jcvpca_20260626_193319,,high,keep_active,full_sha256
Layer3_JcvPCA/outputs/gaga_batch_jcvpca_20260626_193319/gaga_batch_interpretation_report.md,1802,2c335b26ce4cb76c794e3c6fa88dbc5da4a3b18d0ffe750e963f5f33b44279e8,l3_batch_gaga_batch_jcvpca_20260626_193319,,high,keep_active,full_sha256
Layer3_JcvPCA/outputs/gaga_batch_jcvpca_20260626_193319/FINAL_integrated_deep_review_after_p50_p60.md,30402,c79c66d4167ebd10858f23f28be867d17452e9b8bcadbd83e086200ea70af715,l3_batch_gaga_batch_jcvpca_20260626_193319,,high,keep_active,full_sha256
outputs/poster_final_figures/figure_A_plot_table.csv,2407,90ed9bc30383d7d781dbf3fe88956af8f9d6f400927ac28792cbeaa0f89f383c,poster_outputs,,high,keep_active,full_sha256
Layer3_JcvPCA/outputs/poster_ready_evidence_package/natural_variability_scalar_poster_table.csv,14698,ae1668f609d4a780ed3e923527308ad5e8fb4efb82b6ec9e51826d8cc00d2453,poster_outputs,,high,keep_active,full_sha256
Layer3_JcvPCA/outputs/gaga_batch_jcvpca_20260626_193319/poster_plot_shortlist.md,1988,46b85e00f43bcfa3e5c3c05e1eed16ddad88a716e3b4767201f6d9e6e716c19c,poster_outputs,,high,keep_active,full_sha256
671_test_data_des/671_T1_P1_R1_Take 2026-01-06 03.57.12 PM_001.csv,243392835,a2cd58f0ea61f5065d56321abde944228b6e3f7bba0e044b6214cba46a3b780f,raw_671_T1_P1_R1,,high,verify_manually,full_sha256; NOT duplicate of Layer1 (50MB) or Layer2 (225MB) copies — likely distinct Motive export type
Layer1_motive_qc/motive_qc/data/671/671_T1_P1_R1_Take 2026-01-06 03.57.12 PM_001.csv,50558677,4b1b93612ec07d88c244dd0d56ff703250ffe2700cc316878aa56da51c79597e,raw_671_T1_P1_R1,Layer1_motive_qc/motive_qc/data/671_T1_P1_R1_Take 2026-01-06 03.57.12 PM_001.csv,high,keep_active,full_sha256
Layer1_motive_qc/motive_qc/data/671_T1_P1_R1_Take 2026-01-06 03.57.12 PM_001.csv,50558677,4b1b93612ec07d88c244dd0d56ff703250ffe2700cc316878aa56da51c79597e,raw_671_T1_P1_R1,Layer1_motive_qc/motive_qc/data/671/671_T1_P1_R1_Take 2026-01-06 03.57.12 PM_001.csv,high,keep_active,full_sha256
Layer2_Motive_Kinematics/data/671/671_T1_P1_R1_Take 2026-01-06 03.57.12 PM_001.csv,225224260,cfdf2916a3def249d8d5f1361df4a4a368e4b44109872ca984646135dc3996cb,raw_671_T1_P1_R1,,high,keep_active,full_sha256
Layer2.5_Segmentation/reevluate_project/671_T1_P1_R1_Take 2026-01-06 03.57.12 PM_001.csv,50558677,4b1b93612ec07d88c244dd0d56ff703250ffe2700cc316878aa56da51c79597e,raw_671_T1_P1_R1,Layer1_motive_qc/motive_qc/data/671/671_T1_P1_R1_Take 2026-01-06 03.57.12 PM_001.csv,high,archive_later,full_sha256
