relative_path,size_mb,file_count,git_status,largest_file_types,largest_file_examples,likely_role,risk_level,recommendation,reason,notes
Layer2_Motive_Kinematics/outputs,54938.8,1775,tracked(775)+mixed_ignore,".csv:44667MB; .parquet:9197MB; .md:1MB; .json:0MB; (no_ext):0MB","986.7MB|Layer2_Motive_Kinematics/outputs/252_T3_P1_R2_Take_2026-06-09_05.04.14_PM_001/08_filtered_rotvecs/filtered_relative_rotation_vectors.csv; 973.9MB|Layer2_Motive_Kinematics/outputs/252_T1_P1_R2_Take_2026-04-28_04.15.00_PM_002/08_filtered_rotvecs/filtered_relative_rotation_vectors.csv; 973.8MB|Layer2_Motive_Kinematics/outputs/252_T2_P1_R1_Take_2026-04-26_06.09.29_PM_001/08_filtered_rotvecs/filtered_relative_rotation_vectors.csv",generated reproducible output,high,keep until poster submission,"Combined Layer 2 session trees (~31 GB active) + archive (~22 GB) + indices/exports; upstream to Layer 2.5/3","775 files still in Git index; *_Take_* gitignored for new adds only"
Layer2_Motive_Kinematics/outputs/active_sessions_aggregate,31346.0,852,mixed:671 tracked legacy;252 gitignored,".csv:26800MB; .parquet:4453MB; .md:0MB","986.7MB|252_T3_P1_R2 session filtered_relative_rotation_vectors.csv; 973.9MB|252_T1_P1_R2 session; 973.8MB|252_T2_P1_R1 session",generated reproducible output,high,keep until poster submission,"12 current *_Take_* session output trees for participants 671 and 252","Regeneratable via layer2-motive but expensive; 671 folders historically tracked"
Layer2_Motive_Kinematics/outputs/archive,22543.2,852,tracked(389),".csv:18596MB; .parquet:3945MB; .md:0MB; .json:0MB","792.8MB|outputs/archive/audit_rerun_T3_P1_R1/08_filtered_rotvecs/filtered_relative_rotation_vectors.csv; 784.6MB|outputs/archive/671_T3_P1_R1_Take.../filtered_relative_rotation_vectors.csv; 782.0MB|outputs/archive/audit_rerun_T3_P1_R2/...",old archive,medium,move outside repo,"Stage C target; historical audit reruns and superseded session copies","~22 GB; 389 tracked files; deferred in Stage B move plan"
Layer3_JcvPCA/outputs,3623.3,27595,tracked(2)+ignored_bulk,".parquet:2139MB; .csv:1012MB; .npy:334MB; .png:107MB; .json:27MB","13.9MB|gaga_batch_193319/.../dataset_A_preview.csv; 13.9MB|.../dataset_B_preview.csv; 13.6MB|.../dataset_A_preview.csv",generated reproducible output,high,keep until poster submission,"Parent of canonical batch and poster evidence; mostly batch 193319","Non-batch subfolders are small (workbench ~6 MB total)"
Layer3_JcvPCA/outputs/gaga_batch_jcvpca_20260626_193319,3608.3,27339,ignored,".parquet:2136MB; .csv:1003MB; .npy:334MB; .png:105MB; .json:27MB","13.9MB|comparisons/252_A_L3_T2_vs_T3/construction/dataset_A_preview.csv; 13.9MB|252_A_L1_T1_vs_T2/.../dataset_B_preview.csv; 13.6MB|252_A_L2_T1_vs_T3/.../dataset_A_preview.csv",active canonical output,high,keep active,"Canonical Layer 3 batch confirmed in Stage A; hard-coded in poster scripts","Gitignored; regeneratable from Layer 2.5 exports + run_gaga_batch_jcvpca.py"
Layer2.5_Segmentation/outputs,1205.9,827,tracked(15)+mixed,".csv:690MB; .parquet:432MB; .gz:82MB; .json:1MB; .md:0MB","82.3MB|pre_jvcpca_review/_archive/pre_jvcpca_review_671_252_20260626_181500.tar.gz; 28.8MB|252/.../window_joint_frame_flag_log.csv; 28.4MB|252/.../window_joint_frame_flag_log.csv",generated reproducible output,high,keep until poster submission,"Layer 3 input matrices and review exports for 671/252","Participant export dirs gitignored; session_index etc. still visible"
Layer2.5_Segmentation/outputs/pre_jvcpca_review,1205.9,824,tracked(14)+mixed,".csv:690MB; .parquet:432MB; .gz:82MB; .json:1MB","82.3MB|_archive/pre_jvcpca_review_671_252_20260626_181500.tar.gz; 28.8MB|252 export flag log; 28.4MB|252 export flag log",active canonical output,high,keep active,"Canonical g4 export windows feed Layer 3 batch 193319","671/252 bulk gitignored in B.6"
Layer2.5_Segmentation/outputs/pre_jvcpca_review/_archive,299.6,301,ignored,".csv:129MB; .parquet:87MB; .gz:82MB; .json:0MB","82.3MB|pre_jvcpca_review_671_252_20260626_181500.tar.gz; 15.3MB|671_T2_P1_R2/.../window_joint_frame_flag_log.csv; 15.1MB|671_T1_P1_R1/.../window_joint_frame_flag_log.csv",old archive,low,move to internal archive,"2026-06-26 batch refresh snapshot; superseded by active participant exports","Gitignored; safe reference; optional move with top-level archive/"
archive,2058.6,8432,ignored,".csv:1022MB; .parquet:899MB; .npy:99MB; .png:29MB; .json:8MB","134.0MB|layer2_5_scratch_archive/reevluate_project/layer2_session_filtered_rotvecs.parquet; 134.0MB|.../filtered_relative_rotation_vectors.parquet; 62.7MB|.../combined_qc_events.csv",old archive,low,move outside repo,"Stage B cleanup archive; superseded Layer 3 batches + Layer 2.5 scratch","Gitignored; candidate Stage B.10; documented in move_log.csv"
archive/2026-06-30_cleanup_stage_B,2058.6,8432,ignored,".csv:1022MB; .parquet:899MB; .npy:99MB; .png:29MB","134.0MB|layer2_5_scratch_archive/reevluate_project/layer2_session_filtered_rotvecs.parquet; 134.0MB|.../filtered_relative_rotation_vectors.parquet; 62.7MB|.../combined_qc_events.csv",old archive,low,move outside repo,"Same content as archive/ root","Created Stage B 2026-06-30"
archive/2026-06-30_cleanup_stage_B/layer3_superseded_batches,1402.9,8232,ignored,".csv:637MB; .parquet:628MB; .npy:99MB; .png:29MB","13.9MB|gaga_batch_193110/.../dataset_B_preview.csv; 13.6MB|193110/.../dataset_A_preview.csv; 13.6MB|193110/.../dataset_A_preview.csv",old archive,low,move outside repo,"Five superseded Layer 3 batches; Stage A confirmed 193319 canonical","~1.4 GB; not referenced by poster scripts"
archive/2026-06-30_cleanup_stage_B/layer3_superseded_batches/gaga_batch_jcvpca_20260626_193110,769.3,4404,ignored,".parquet:375MB; .csv:314MB; .npy:59MB; .png:15MB","13.9MB|.../dataset_B_preview.csv; 13.6MB|.../dataset_A_preview.csv; 13.6MB|.../dataset_A_preview.csv",old archive,low,move outside repo,"Largest superseded batch; replaced by 193319","Safe to relocate with archive/"
archive/2026-06-30_cleanup_stage_B/layer2_5_scratch_archive,655.7,200,ignored,".csv:384MB; .parquet:270MB; .xlsx:0MB; .md:0MB","134.0MB|reevluate_project/layer2_session_filtered_rotvecs.parquet; 134.0MB|reevluate_project/filtered_relative_rotation_vectors.parquet; 62.7MB|outputs/archive/notebook_review/.../combined_qc_events.csv",scratch/workbench,low,move outside repo,"reevluate_project + old Layer 2.5 outputs/archive scratch moved in Stage B","Git-tracked reevluate files deleted in checkpoint commit"
archive/2026-06-30_cleanup_stage_B/layer3_superseded_batches/gaga_batch_jcvpca_20260626_193235,364.8,2244,ignored,".parquet:179MB; .csv:146MB; .npy:27MB; .png:8MB","12.3MB|671_A_L2_T1_vs_T3/.../dataset_B_preview.csv; 12.2MB|671_A_L1_T1_vs_T2/.../dataset_B_preview.csv; 11.6MB|671_A_L2_T1_vs_T3/.../dataset_A_preview.csv",old archive,low,move outside repo,"Superseded batch; replaced by 193319","Part of layer3_superseded_batches aggregate"
Layer2_Motive_Kinematics/outputs/layer2_exports,1049.5,50,ignored,".parquet:1049MB; .csv:0MB","176.7MB|252_T3_P1_R2/.../layer2_session_filtered_rotvecs.parquet; 175.1MB|252_T1_P1_R2/...; 174.6MB|252_T2_P1_R1/...",generated reproducible output,medium,keep on disk but hide/ignore from Git,"Parquet bundle for Layer 2.5 ingestion; gitignored","Regeneratable from session outputs"
671_test_data_des,232.1,3,tracked(3),".csv:232MB; .md:0MB","232.1MB|671_T1_P1_R1_Take 2026-01-06 03.57.12 PM_001.csv; 0.0MB|671_T1_P1_R1_Take..._DataDescriptions.csv; 0.0MB|README.md",raw-adjacent data,high,verify manually,"Stage A: not duplicate of Layer 1/Layer 2 export types; 232 MB root clutter","Not an outputs/ folder but heavy; 3 files tracked in Git"
archive/2026-06-30_cleanup_stage_B/layer3_superseded_batches/gaga_batch_jcvpca_20260626_175138,89.8,535,ignored,".csv:58MB; .parquet:24MB; .npy:4MB; .png:1MB","9.0MB|671_A_L1_T1_vs_T2/.../dataset_B_preview.csv; 8.5MB|.../dataset_A_preview.csv; 5.7MB|671_B_L1_T1_vs_T2/.../dataset_B_preview.csv",old archive,low,move outside repo,"Early superseded 671-focused batch","Duplicate footprint with 180044 (~90 MB each)"
archive/2026-06-30_cleanup_stage_B/layer3_superseded_batches/gaga_batch_jcvpca_20260626_180044,89.8,535,ignored,".csv:58MB; .parquet:24MB; .npy:4MB; .png:1MB","9.0MB|671_A_L1_T1_vs_T2/.../dataset_B_preview.csv; 8.5MB|.../dataset_A_preview.csv; 5.7MB|671_B_L1_T1_vs_T2/.../dataset_B_preview.csv",old archive,low,move outside repo,"Early superseded batch","Same era as 175138"
archive/2026-06-30_cleanup_stage_B/layer3_superseded_batches/gaga_batch_jcvpca_20260626_174553,89.2,514,ignored,".csv:58MB; .parquet:24MB; .npy:4MB; .png:1MB","9.0MB|671_A_L1_T1_vs_T2/.../dataset_B_preview.csv; 8.5MB|.../dataset_A_preview.csv; 5.7MB|671_B_L1_T1_vs_T2/.../dataset_B_preview.csv",old archive,low,move outside repo,"Earliest superseded batch in set","Smallest of early trio (~89 MB)"
Layer1_motive_qc/motive_qc/outputs,67.7,511,tracked(234)+mixed_ignore,".png:47MB; .csv:19MB; .md:0MB; .html:0MB","1.7MB|runs/252_T1_P1_R2/.../qc_mask.csv; 1.7MB|runs/252_T2_P1_R1/.../qc_mask.csv; 1.6MB|runs/671_T3_P1_R2/.../qc_mask.csv",generated reproducible output,medium,keep on disk but hide/ignore from Git,"Layer 1 QC plots and tables; runs/ gitignored for new files","234 tracked files remain; PNG-heavy"
